const,party,vs16,actual,pred_prob
ABHAYAPURI NORTH,AGP,0.125,0,0.16292624177594192
ABHAYAPURI NORTH,AITC,0.0,0,0.06178959704009676
ABHAYAPURI NORTH,ASMJTYP,0.0,0,0.06178959704009676
ABHAYAPURI NORTH,INC,0.125,1,0.16292624177594192
ABHAYAPURI NORTH,IND,0.125,0,0.16292624177594192
ABHAYAPURI NORTH,IND,0.125,0,0.16292624177594192
ABHAYAPURI NORTH,JD(U),0.0,0,0.06178959704009676
ABHAYAPURI NORTH,NOTA,0.125,0,0.16292624177594192
ABHAYAPURI SOUTH,AGP,0.1428571428571428,0,0.19999999999999998
ABHAYAPURI SOUTH,INC,0.1428571428571428,1,0.19999999999999998
ABHAYAPURI SOUTH,IND,0.1428571428571428,0,0.19999999999999998
ABHAYAPURI SOUTH,IND,0.1428571428571428,0,0.19999999999999998
ABHAYAPURI SOUTH,NOTA,0.1428571428571428,0,0.19999999999999998
ALGAPUR,AGP,0.0666666666666666,0,0.051035820753568974
ALGAPUR,AIFB,0.0,0,0.030319405682189396
ALGAPUR,AIUDF,0.0666666666666666,1,0.051035820753568974
ALGAPUR,BJP,0.0666666666666666,0,0.051035820753568974
ALGAPUR,IND,0.0666666666666666,0,0.051035820753568974
ALGAPUR,IND,0.0666666666666666,0,0.051035820753568974
ALGAPUR,IND,0.0666666666666666,0,0.051035820753568974
ALGAPUR,IND,0.0666666666666666,0,0.051035820753568974
ALGAPUR,IND,0.0666666666666666,0,0.051035820753568974
ALGAPUR,IND,0.0666666666666666,0,0.051035820753568974
ALGAPUR,IND,0.0666666666666666,0,0.051035820753568974
ALGAPUR,IND,0.0666666666666666,0,0.051035820753568974
ALGAPUR,IND,0.0666666666666666,0,0.051035820753568974
ALGAPUR,IND,0.0666666666666666,0,0.051035820753568974
ALGAPUR,IND,0.0666666666666666,0,0.051035820753568974
ALGAPUR,IND,0.0666666666666666,0,0.051035820753568974
ALGAPUR,IND,0.0666666666666666,0,0.051035820753568974
ALGAPUR,IND,0.0666666666666666,0,0.051035820753568974
ALGAPUR,IND,0.0666666666666666,0,0.051035820753568974
ALGAPUR,NOTA,0.0666666666666666,0,0.051035820753568974
AMGURI,AGP,0.1111111111111111,1,0.18444385245139794
AMGURI,ASMJTYP,0.0,0,0.07778073774301039
AMGURI,INC,0.1111111111111111,0,0.18444385245139794
AMGURI,IND,0.1111111111111111,0,0.18444385245139794
AMGURI,IND,0.1111111111111111,0,0.18444385245139794
AMGURI,NOTA,0.1111111111111111,0,0.18444385245139794
BADARPUR,AIUDF,0.0769230769230769,1,0.07093507746165675
BADARPUR,ASMJTYP,0.0,0,0.038921996499231185
BADARPUR,BJP,0.0769230769230769,0,0.07093507746165675
BADARPUR,IND,0.0769230769230769,0,0.07093507746165675
BADARPUR,IND,0.0769230769230769,0,0.07093507746165675
BADARPUR,IND,0.0769230769230769,0,0.07093507746165675
BADARPUR,IND,0.0769230769230769,0,0.07093507746165675
BADARPUR,IND,0.0769230769230769,0,0.07093507746165675
BADARPUR,IND,0.0769230769230769,0,0.07093507746165675
BADARPUR,IND,0.0769230769230769,0,0.07093507746165675
BADARPUR,IND,0.0769230769230769,0,0.07093507746165675
BADARPUR,IND,0.0769230769230769,0,0.07093507746165675
BADARPUR,IND,0.0769230769230769,0,0.07093507746165675
BADARPUR,NOTA,0.0769230769230769,0,0.07093507746165675
BADARPUR,RUC,0.0,0,0.038921996499231185
BAGHBAR,AIUDF,0.1,0,0.12053758928371744
BAGHBAR,BHARP,0.1,0,0.12053758928371744
BAGHBAR,BJP,0.1,0,0.12053758928371744
BAGHBAR,INC,0.1,1,0.12053758928371744
BAGHBAR,IND,0.1,0,0.12053758928371744
BAGHBAR,JD(U),0.0,0,0.05535489285953911
BAGHBAR,NOTA,0.1,0,0.12053758928371744
BAGHBAR,RPI(A),0.0,0,0.05535489285953911
BAGHBAR,RPPRINAT,0.0,0,0.05535489285953911
BAGHBAR,TNRMPI,0.0,0,0.05535489285953911
BAGHBAR,VPI,0.0,0,0.05535489285953911
BAITHALANGSO,BJP,0.2,1,0.13454418164266033
BAITHALANGSO,INC,0.2,0,0.13454418164266033
BAITHALANGSO,IND,0.2,0,0.13454418164266033
BAITHALANGSO,IND,0.2,0,0.13454418164266033
BAITHALANGSO,IND,0.2,0,0.13454418164266033
BAITHALANGSO,IND,0.2,0,0.13454418164266033
BAITHALANGSO,JD(U),0.0,0,0.02909536425068897
BAITHALANGSO,NOTA,0.2,0,0.13454418164266033
BAITHALANGSO,NPEP,0.0,0,0.02909536425068897
BARAMA,BOPF,0.1666666666666666,0,0.21960239159322592
BARAMA,IND,0.1666666666666666,0,0.21960239159322592
BARAMA,IND,0.1666666666666666,0,0.21960239159322592
BARAMA,NOTA,0.1666666666666666,0,0.21960239159322592
BARAMA,UPPL,0.0,1,0.06079521681354818
BARAMA,VPI,0.0,0,0.06079521681354818
BARCHALLA,ASMJTYP,0.0,0,0.06473052299338541
BARCHALLA,BJP,0.1666666666666666,1,0.23381736925165367
BARCHALLA,INC,0.1666666666666666,0,0.23381736925165367
BARCHALLA,IND,0.1666666666666666,0,0.23381736925165367
BARCHALLA,NOTA,0.1666666666666666,0,0.23381736925165367
BARHAMPUR,AJM,0.0,0,0.08991593509610046
BARHAMPUR,ASMJTYP,0.0,0,0.08991593509610046
BARHAMPUR,BJP,0.0,1,0.08991593509610046
BARHAMPUR,INC,0.0909090909090909,0,0.18256304867792467
BARHAMPUR,IND,0.0909090909090909,0,0.18256304867792467
BARHAMPUR,NOTA,0.0909090909090909,0,0.18256304867792467
BARHAMPUR,SUCI,0.0909090909090909,0,0.18256304867792467
BARKHETRI,AIUDF,0.0769230769230769,0,0.16400439076590986
BARKHETRI,ASMJTYP,0.0,0,0.08998902308522545
BARKHETRI,BJP,0.0769230769230769,0,0.16400439076590986
BARKHETRI,INC,0.0769230769230769,1,0.16400439076590986
BARKHETRI,IND,0.0769230769230769,0,0.16400439076590986
BARKHETRI,JD(U),0.0,0,0.08998902308522545
BARKHETRI,NOTA,0.0769230769230769,0,0.16400439076590986
BARKHOLA,ASMJTYP,0.0,0,0.07778073774301039
BARKHOLA,BJP,0.1111111111111111,0,0.18444385245139794
BARKHOLA,INC,0.1111111111111111,1,0.18444385245139794
BARKHOLA,IND,0.1111111111111111,0,0.18444385245139794
BARKHOLA,IND,0.1111111111111111,0,0.18444385245139794
BARKHOLA,NOTA,0.1111111111111111,0,0.18444385245139794
BARPETA,AGP,0.125,0,0.22138609235740286
BARPETA,INC,0.125,1,0.22138609235740286
BARPETA,JD(U),0.0,0,0.0839604307319479
BARPETA,NOTA,0.125,0,0.22138609235740286
BARPETA,PLTIJSTP,0.0,0,0.0839604307319479
BARPETA,RUC,0.0,0,0.0839604307319479
BARPETA,TNRMPI,0.0,0,0.0839604307319479
BATADROBA,AJM,0.0,0,0.06730990898627558
BATADROBA,BJP,0.1111111111111111,0,0.15961405460823463
BATADROBA,INC,0.1111111111111111,1,0.15961405460823463
BATADROBA,IND,0.1111111111111111,0,0.15961405460823463
BATADROBA,IND,0.1111111111111111,0,0.15961405460823463
BATADROBA,JD(U),0.0,0,0.06730990898627558
BATADROBA,NOTA,0.1111111111111111,0,0.15961405460823463
BATADROBA,RUC,0.0,0,0.06730990898627558
BEHALI,ASMJTYP,0.0,0,0.051289962473850904
BEHALI,BJP,0.2,1,0.23717750938153725
BEHALI,CPI(ML)(L),0.2,0,0.23717750938153725
BEHALI,IND,0.2,0,0.23717750938153725
BEHALI,NOTA,0.2,0,0.23717750938153725
BHABANIPUR,AGP,0.0,0,0.04901374634701091
BHABANIPUR,AIUDF,0.0769230769230769,1,0.08932722384577295
BHABANIPUR,BGANP,0.0,0,0.04901374634701091
BHABANIPUR,IND,0.0769230769230769,0,0.08932722384577295
BHABANIPUR,IND,0.0769230769230769,0,0.08932722384577295
BHABANIPUR,IND,0.0769230769230769,0,0.08932722384577295
BHABANIPUR,IND,0.0769230769230769,0,0.08932722384577295
BHABANIPUR,IND,0.0769230769230769,0,0.08932722384577295
BHABANIPUR,IND,0.0769230769230769,0,0.08932722384577295
BHABANIPUR,IND,0.0769230769230769,0,0.08932722384577295
BHABANIPUR,NOTA,0.0769230769230769,0,0.08932722384577295
BHABANIPUR,RPPRINAT,0.0,0,0.04901374634701091
BHABANIPUR,VPI,0.0,0,0.04901374634701091
BIHPURIA,ASMJTYP,0.0,0,0.036649960126693436
BIHPURIA,BJP,0.1666666666666666,1,0.1323857256780876
BIHPURIA,INC,0.1666666666666666,0,0.1323857256780876
BIHPURIA,IND,0.1666666666666666,0,0.1323857256780876
BIHPURIA,IND,0.1666666666666666,0,0.1323857256780876
BIHPURIA,IND,0.1666666666666666,0,0.1323857256780876
BIHPURIA,IND,0.1666666666666666,0,0.1323857256780876
BIHPURIA,NOTA,0.1666666666666666,0,0.1323857256780876
BIHPURIA,VPI,0.0,0,0.036649960126693436
BIJNI,ASMJTYP,0.0,0,0.06306500897214205
BIJNI,BJP,0.0,1,0.06306500897214205
BIJNI,BOPF,0.1111111111111111,0,0.14954799282228637
BIJNI,IND,0.1111111111111111,0,0.14954799282228637
BIJNI,IND,0.1111111111111111,0,0.14954799282228637
BIJNI,IND,0.1111111111111111,0,0.14954799282228637
BIJNI,NOTA,0.1111111111111111,0,0.14954799282228637
BIJNI,UPPL,0.0,0,0.06306500897214205
BIJNI,VPI,0.0,0,0.06306500897214205
BILASIPARA EAST,AIUDF,0.0769230769230769,1,0.09393114096301972
BILASIPARA EAST,ASMJTYP,0.0,0,0.05153991044427422
BILASIPARA EAST,BJP,0.0769230769230769,0,0.09393114096301972
BILASIPARA EAST,IND,0.0769230769230769,0,0.09393114096301972
BILASIPARA EAST,IND,0.0769230769230769,0,0.09393114096301972
BILASIPARA EAST,IND,0.0769230769230769,0,0.09393114096301972
BILASIPARA EAST,IND,0.0769230769230769,0,0.09393114096301972
BILASIPARA EAST,IND,0.0769230769230769,0,0.09393114096301972
BILASIPARA EAST,IND,0.0769230769230769,0,0.09393114096301972
BILASIPARA EAST,JD(U),0.0,0,0.05153991044427422
BILASIPARA EAST,NOTA,0.0769230769230769,0,0.09393114096301972
BILASIPARA EAST,RPI,0.0,0,0.05153991044427422
BILASIPARA WEST,AITC,0.0,0,0.09316981529800952
BILASIPARA WEST,AIUDF,0.0666666666666666,1,0.15683018470199048
BILASIPARA WEST,ASMJTYP,0.0,0,0.09316981529800952
BILASIPARA WEST,BJP,0.0,0,0.09316981529800952
BILASIPARA WEST,IND,0.0666666666666666,0,0.15683018470199048
BILASIPARA WEST,IND,0.0666666666666666,0,0.15683018470199048
BILASIPARA WEST,NOTA,0.0666666666666666,0,0.15683018470199048
BILASIPARA WEST,TNRMPI,0.0,0,0.09316981529800952
BISWANATH,ASMJTYP,0.0,0,0.04370173667537511
BISWANATH,BJP,0.25,1,0.2896315966579583
BISWANATH,INC,0.25,0,0.2896315966579583
BISWANATH,IND,0.0,0,0.04370173667537511
BISWANATH,IND,0.0,0,0.04370173667537511
BISWANATH,NOTA,0.25,0,0.2896315966579583
BOKAJAN,ASDC,0.0,0,0.055252936462172685
BOKAJAN,BJP,0.1428571428571428,1,0.1668482381226964
BOKAJAN,BTP,0.0,0,0.055252936462172685
BOKAJAN,CPI(ML)(L),0.0,0,0.055252936462172685
BOKAJAN,INC,0.1428571428571428,0,0.1668482381226964
BOKAJAN,IND,0.1428571428571428,0,0.1668482381226964
BOKAJAN,NOTA,0.1428571428571428,0,0.1668482381226964
BOKAJAN,NPEP,0.1428571428571428,0,0.1668482381226964
BOKAKHAT,AGP,0.1428571428571428,1,0.09378827416839446
BOKAKHAT,ASMJTYP,0.0,0,0.03105862915802772
BOKAKHAT,IND,0.1428571428571428,0,0.09378827416839446
BOKAKHAT,IND,0.1428571428571428,0,0.09378827416839446
BOKAKHAT,IND,0.1428571428571428,0,0.09378827416839446
BOKAKHAT,IND,0.1428571428571428,0,0.09378827416839446
BOKAKHAT,IND,0.1428571428571428,0,0.09378827416839446
BOKAKHAT,IND,0.1428571428571428,0,0.09378827416839446
BOKAKHAT,IND,0.1428571428571428,0,0.09378827416839446
BOKAKHAT,IND,0.1428571428571428,0,0.09378827416839446
BOKAKHAT,NCP,0.0,0,0.03105862915802772
BOKAKHAT,NOTA,0.1428571428571428,0,0.09378827416839446
BOKO,AGP,0.1428571428571428,0,0.30019601175617616
BOKO,AITC,0.0,0,0.09941196473147146
BOKO,INC,0.1428571428571428,1,0.30019601175617616
BOKO,NOTA,0.1428571428571428,0,0.30019601175617616
BONGAIGAON,AGP,0.125,1,0.14500646027832495
BONGAIGAON,ASMJTYP,0.0,0,0.054993539721675054
BONGAIGAON,BGANP,0.0,0,0.054993539721675054
BONGAIGAON,INC,0.125,0,0.14500646027832495
BONGAIGAON,IND,0.125,0,0.14500646027832495
BONGAIGAON,IND,0.125,0,0.14500646027832495
BONGAIGAON,NOTA,0.125,0,0.14500646027832495
BONGAIGAON,NPEP,0.0,0,0.054993539721675054
BONGAIGAON,PLTIJSTP,0.0,0,0.054993539721675054
BONGAIGAON,VPI,0.0,0,0.054993539721675054
CHABUA,AGP,0.0,1,0.04748151387848728
CHABUA,BLSP,0.0,0,0.04748151387848728
CHABUA,INC,0.1666666666666666,0,0.1715110916729076
CHABUA,IND,0.1666666666666666,0,0.1715110916729076
CHABUA,IND,0.1666666666666666,0,0.1715110916729076
CHABUA,IND,0.1666666666666666,0,0.1715110916729076
CHABUA,LJP,0.0,0,0.04748151387848728
CHABUA,NOTA,0.1666666666666666,0,0.1715110916729076
CHAPAGURI,BOPF,0.25,0,0.18861608918708223
CHAPAGURI,IND,0.25,0,0.18861608918708223
CHAPAGURI,IND,0.25,0,0.18861608918708223
CHAPAGURI,IND,0.25,0,0.18861608918708223
CHAPAGURI,NOTA,0.25,0,0.18861608918708223
CHAPAGURI,UPPL,0.0,1,0.028459777032294457
CHAPAGURI,VPI,0.0,0,0.028459777032294457
CHAYGAON,AGP,0.2,0,0.15040411801860465
CHAYGAON,ASMJTYP,0.0,0,0.03252509729612406
CHAYGAON,BGANP,0.0,0,0.03252509729612406
CHAYGAON,BLSP,0.0,0,0.03252509729612406
CHAYGAON,INC,0.2,1,0.15040411801860465
CHAYGAON,IND,0.2,0,0.15040411801860465
CHAYGAON,IND,0.2,0,0.15040411801860465
CHAYGAON,IND,0.2,0,0.15040411801860465
CHAYGAON,NOTA,0.2,0,0.15040411801860465
CHENGA,AGP,0.0,0,0.033019473018136083
CHENGA,AITC,0.1666666666666666,0,0.11927180498704566
CHENGA,AIUDF,0.1666666666666666,1,0.11927180498704566
CHENGA,ASMJTYP,0.0,0,0.033019473018136083
CHENGA,BAHUMP,0.0,0,0.033019473018136083
CHENGA,INC,0.1666666666666666,0,0.11927180498704566
CHENGA,IND,0.1666666666666666,0,0.11927180498704566
CHENGA,IND,0.1666666666666666,0,0.11927180498704566
CHENGA,IND,0.1666666666666666,0,0.11927180498704566
CHENGA,NOTA,0.1666666666666666,0,0.11927180498704566
CHENGA,RPPRINAT,0.0,0,0.033019473018136083
CHENGA,VPI,0.0,0,0.033019473018136083
DALGAON,AGP,0.125,0,0.18589955952146792
DALGAON,AIUDF,0.125,1,0.18589955952146792
DALGAON,INC,0.125,0,0.18589955952146792
DALGAON,IND,0.125,0,0.18589955952146792
DALGAON,NOTA,0.125,0,0.18589955952146792
DALGAON,VPI,0.0,0,0.07050220239266043
DERGAON,AGP,0.1666666666666666,1,0.23381736925165367
DERGAON,ASMJTYP,0.0,0,0.06473052299338541
DERGAON,INC,0.1666666666666666,0,0.23381736925165367
DERGAON,IND,0.1666666666666666,0,0.23381736925165367
DERGAON,NOTA,0.1666666666666666,0,0.23381736925165367
DHAKUAKHANA,ASMJTYP,0.0,0,0.07969928980070468
DHAKUAKHANA,BJP,0.125,1,0.2101503550996477
DHAKUAKHANA,INC,0.125,0,0.2101503550996477
DHAKUAKHANA,NOTA,0.125,0,0.2101503550996477
DHAKUAKHANA,SUCI,0.125,0,0.2101503550996477
DHAKUAKHANA,VPI,0.0,0,0.07969928980070468
DHARMAPUR,ASMJTYP,0.0,0,0.048787645944186074
DHARMAPUR,BJP,0.2,1,0.22560617702790695
DHARMAPUR,INC,0.2,0,0.22560617702790695
DHARMAPUR,IND,0.2,0,0.22560617702790695
DHARMAPUR,NOTA,0.2,0,0.22560617702790695
DHARMAPUR,SUCI,0.0,0,0.048787645944186074
DHEKIAJULI,ASMJTYP,0.0,0,0.0720061188210452
DHEKIAJULI,BGANP,0.0,0,0.0720061188210452
DHEKIAJULI,BJP,0.1,1,0.1567963287073729
DHEKIAJULI,INC,0.1,0,0.1567963287073729
DHEKIAJULI,IND,0.1,0,0.1567963287073729
DHEKIAJULI,IND,0.1,0,0.1567963287073729
DHEKIAJULI,NOTA,0.1,0,0.1567963287073729
DHEKIAJULI,VPI,0.0,0,0.0720061188210452
DHEMAJI,ASMJTYP,0.0,0,0.08412050030095834
DHEMAJI,BJP,0.1,1,0.18317589993980832
DHEMAJI,INC,0.1,0,0.18317589993980832
DHEMAJI,IND,0.1,0,0.18317589993980832
DHEMAJI,NOTA,0.1,0,0.18317589993980832
DHEMAJI,SUCI,0.1,0,0.18317589993980832
DHING,AIUDF,0.1,1,0.13554359122368606
DHING,AJM,0.0,0,0.06224615088596129
DHING,ASMJTYP,0.0,0,0.06224615088596129
DHING,BJP,0.1,0,0.13554359122368606
DHING,IND,0.1,0,0.13554359122368606
DHING,IND,0.1,0,0.13554359122368606
DHING,JD(U),0.0,0,0.06224615088596129
DHING,NOTA,0.1,0,0.13554359122368606
DHING,RCPI(R),0.1,0,0.13554359122368606
DHOLAI,ASMJTYP,0.0,0,0.03804428152773357
DHOLAI,BJP,0.1666666666666666,1,0.13742224549603807
DHOLAI,INC,0.1666666666666666,0,0.13742224549603807
DHOLAI,IND,0.1666666666666666,0,0.13742224549603807
DHOLAI,IND,0.1666666666666666,0,0.13742224549603807
DHOLAI,IND,0.1666666666666666,0,0.13742224549603807
DHOLAI,NOTA,0.1666666666666666,0,0.13742224549603807
DHOLAI,SUCI,0.1666666666666666,0,0.13742224549603807
DHUBRI,AIUDF,0.0909090909090909,1,0.1431631068203001
DHUBRI,ASMJTYP,0.0,0,0.07051067953909967
DHUBRI,BJP,0.0909090909090909,0,0.1431631068203001
DHUBRI,IND,0.0909090909090909,0,0.1431631068203001
DHUBRI,IND,0.0909090909090909,0,0.1431631068203001
DHUBRI,JD(U),0.0,0,0.07051067953909967
DHUBRI,NOTA,0.0909090909090909,0,0.1431631068203001
DHUBRI,SUCI,0.0909090909090909,0,0.1431631068203001
DIBRUGARH,ASM,0.0,0,0.07969928980070468
DIBRUGARH,ASMJTYP,0.0,0,0.07969928980070468
DIBRUGARH,BJP,0.125,1,0.2101503550996477
DIBRUGARH,INC,0.125,0,0.2101503550996477
DIBRUGARH,IND,0.125,0,0.2101503550996477
DIBRUGARH,NOTA,0.125,0,0.2101503550996477
DIGBOI,ASMJTYP,0.0,0,0.12324389549569868
DIGBOI,BJP,0.1111111111111111,1,0.2922520348347671
DIGBOI,INC,0.1111111111111111,0,0.2922520348347671
DIGBOI,NOTA,0.1111111111111111,0,0.2922520348347671
DIPHU,ASDC,0.0,0,0.03535422904199435
DIPHU,BJP,0.1666666666666666,1,0.12770533041057386
DIPHU,CPI(ML)(L),0.0,0,0.03535422904199435
DIPHU,INC,0.1666666666666666,0,0.12770533041057386
DIPHU,IND,0.1666666666666666,0,0.12770533041057386
DIPHU,IND,0.1666666666666666,0,0.12770533041057386
DIPHU,IND,0.1666666666666666,0,0.12770533041057386
DIPHU,IND,0.1666666666666666,0,0.12770533041057386
DIPHU,NOTA,0.1666666666666666,0,0.12770533041057386
DIPHU,NPEP,0.0,0,0.03535422904199435
DISPUR,ASMJTYP,0.0,0,0.04800140243705863
DISPUR,BGANP,0.0,0,0.04800140243705863
DISPUR,BJP,0.0666666666666666,1,0.08079943902517654
DISPUR,INC,0.0666666666666666,0,0.08079943902517654
DISPUR,IND,0.0666666666666666,0,0.08079943902517654
DISPUR,IND,0.0666666666666666,0,0.08079943902517654
DISPUR,IND,0.0666666666666666,0,0.08079943902517654
DISPUR,IND,0.0666666666666666,0,0.08079943902517654
DISPUR,IND,0.0666666666666666,0,0.08079943902517654
DISPUR,IND,0.0666666666666666,0,0.08079943902517654
DISPUR,JD(U),0.0,0,0.04800140243705863
DISPUR,LJP,0.0,0,0.04800140243705863
DISPUR,NCP,0.0666666666666666,0,0.08079943902517654
DISPUR,NOTA,0.0666666666666666,0,0.08079943902517654
DOOM DOOMA,ASMJTYP,0.0,0,0.0663779209701667
DOOM DOOMA,BJP,0.1,1,0.14454069300994446
DOOM DOOMA,INC,0.1,0,0.14454069300994446
DOOM DOOMA,IND,0.1,0,0.14454069300994446
DOOM DOOMA,IND,0.1,0,0.14454069300994446
DOOM DOOMA,IND,0.1,0,0.14454069300994446
DOOM DOOMA,NOTA,0.1,0,0.14454069300994446
DOOM DOOMA,PLTIJSTP,0.0,0,0.0663779209701667
DUDHNAI,BJP,0.0909090909090909,0,0.13373346904109157
DUDHNAI,INC,0.0909090909090909,1,0.13373346904109157
DUDHNAI,IND,0.0909090909090909,0,0.13373346904109157
DUDHNAI,IND,0.0909090909090909,0,0.13373346904109157
DUDHNAI,IND,0.0909090909090909,0,0.13373346904109157
DUDHNAI,JD(U),0.0,0,0.06586639525115015
DUDHNAI,NOTA,0.0909090909090909,0,0.13373346904109157
DUDHNAI,NPEP,0.0,0,0.06586639525115015
DUDHNAI,VPI,0.0,0,0.06586639525115015
DULIAJAN,ASMJTYP,0.0,0,0.1291110996373438
DULIAJAN,BJP,0.0833333333333333,1,0.24725926690843741
DULIAJAN,INC,0.0833333333333333,0,0.24725926690843741
DULIAJAN,LJP,0.0,0,0.1291110996373438
DULIAJAN,NOTA,0.0833333333333333,0,0.24725926690843741
GAUHATI EAST,AIFB,0.0,0,0.0627551004982141
GAUHATI EAST,ASMJTYP,0.0,0,0.0627551004982141
GAUHATI EAST,BGANP,0.0769230769230769,0,0.11437074958482159
GAUHATI EAST,BJP,0.0769230769230769,1,0.11437074958482159
GAUHATI EAST,INC,0.0769230769230769,0,0.11437074958482159
GAUHATI EAST,IND,0.0769230769230769,0,0.11437074958482159
GAUHATI EAST,IND,0.0769230769230769,0,0.11437074958482159
GAUHATI EAST,LJP,0.0,0,0.0627551004982141
GAUHATI EAST,NOTA,0.0769230769230769,0,0.11437074958482159
GAUHATI EAST,NPEP,0.0,0,0.0627551004982141
GAUHATI EAST,RPPRINAT,0.0,0,0.0627551004982141
GAUHATI WEST,AGP,0.0714285714285714,1,0.06997808187720815
GAUHATI WEST,ASMJTYP,0.0,0,0.04006575436837554
GAUHATI WEST,BGANP,0.0714285714285714,0,0.06997808187720815
GAUHATI WEST,INC,0.0714285714285714,0,0.06997808187720815
GAUHATI WEST,IND,0.0714285714285714,0,0.06997808187720815
GAUHATI WEST,IND,0.0714285714285714,0,0.06997808187720815
GAUHATI WEST,IND,0.0714285714285714,0,0.06997808187720815
GAUHATI WEST,IND,0.0714285714285714,0,0.06997808187720815
GAUHATI WEST,IND,0.0714285714285714,0,0.06997808187720815
GAUHATI WEST,IND,0.0714285714285714,0,0.06997808187720815
GAUHATI WEST,IND,0.0714285714285714,0,0.06997808187720815
GAUHATI WEST,JD(U),0.0,0,0.04006575436837554
GAUHATI WEST,LJP,0.0714285714285714,0,0.06997808187720815
GAUHATI WEST,NOTA,0.0714285714285714,0,0.06997808187720815
GAUHATI WEST,RPPRINAT,0.0,0,0.04006575436837554
GAUHATI WEST,SWABP,0.0,0,0.04006575436837554
GAURIPUR,AIUDF,0.0833333333333333,1,0.11056641424896675
GAURIPUR,BJP,0.0,0,0.05773434300413291
GAURIPUR,IND,0.0833333333333333,0,0.11056641424896675
GAURIPUR,IND,0.0833333333333333,0,0.11056641424896675
GAURIPUR,IND,0.0833333333333333,0,0.11056641424896675
GAURIPUR,IND,0.0833333333333333,0,0.11056641424896675
GAURIPUR,IND,0.0833333333333333,0,0.11056641424896675
GAURIPUR,JD(U),0.0,0,0.05773434300413291
GAURIPUR,NOTA,0.0833333333333333,0,0.11056641424896675
GAURIPUR,RPI(A),0.0833333333333333,0,0.11056641424896675
GOALPARA EAST,AGP,0.0,0,0.045019918957976544
GOALPARA EAST,AIMF,0.0,0,0.045019918957976544
GOALPARA EAST,AITC,0.0714285714285714,0,0.0786309311932791
GOALPARA EAST,ASMJTYP,0.0,0,0.045019918957976544
GOALPARA EAST,INC,0.0714285714285714,1,0.0786309311932791
GOALPARA EAST,IND,0.0714285714285714,0,0.0786309311932791
GOALPARA EAST,IND,0.0714285714285714,0,0.0786309311932791
GOALPARA EAST,IND,0.0714285714285714,0,0.0786309311932791
GOALPARA EAST,IND,0.0714285714285714,0,0.0786309311932791
GOALPARA EAST,NCP,0.0714285714285714,0,0.0786309311932791
GOALPARA EAST,NOTA,0.0714285714285714,0,0.0786309311932791
GOALPARA EAST,NPEP,0.0714285714285714,0,0.0786309311932791
GOALPARA EAST,RPI(A),0.0714285714285714,0,0.0786309311932791
GOALPARA EAST,SUCI,0.0714285714285714,0,0.0786309311932791
GOALPARA WEST,AGP,0.0714285714285714,0,0.07289882843086139
GOALPARA WEST,AITC,0.0714285714285714,0,0.07289882843086139
GOALPARA WEST,ASMJTYP,0.0,0,0.04173801960988773
GOALPARA WEST,INC,0.0714285714285714,1,0.07289882843086139
GOALPARA WEST,IND,0.0714285714285714,0,0.07289882843086139
GOALPARA WEST,IND,0.0714285714285714,0,0.07289882843086139
GOALPARA WEST,IND,0.0714285714285714,0,0.07289882843086139
GOALPARA WEST,IND,0.0714285714285714,0,0.07289882843086139
GOALPARA WEST,IND,0.0714285714285714,0,0.07289882843086139
GOALPARA WEST,IND,0.0714285714285714,0,0.07289882843086139
GOALPARA WEST,JD(U),0.0,0,0.04173801960988773
GOALPARA WEST,NOTA,0.0714285714285714,0,0.07289882843086139
GOALPARA WEST,NPEP,0.0714285714285714,0,0.07289882843086139
GOALPARA WEST,SUCI,0.0714285714285714,0,0.07289882843086139
GOALPARA WEST,VPI,0.0,0,0.04173801960988773
GOHPUR,ASMJTYP,0.0,0,0.07790287432795323
GOHPUR,BJP,0.1666666666666666,1,0.28139808378136455
GOHPUR,INC,0.1666666666666666,0,0.28139808378136455
GOHPUR,NOTA,0.1666666666666666,0,0.28139808378136455
GOHPUR,VPI,0.0,0,0.07790287432795323
GOLAGHAT,ASMJTYP,0.0,0,0.06723708740190298
GOLAGHAT,BJP,0.2,1,0.3109209708660323
GOLAGHAT,INC,0.2,0,0.3109209708660323
GOLAGHAT,NOTA,0.2,0,0.3109209708660323
GOLAKGANJ,AITC,0.0,0,0.038283021358660844
GOLAKGANJ,ASMJTYP,0.0,0,0.038283021358660844
GOLAKGANJ,BJP,0.2,0,0.1770301871848035
GOLAKGANJ,INC,0.2,1,0.1770301871848035
GOLAKGANJ,IND,0.2,0,0.1770301871848035
GOLAKGANJ,IND,0.2,0,0.1770301871848035
GOLAKGANJ,NOTA,0.2,0,0.1770301871848035
GOLAKGANJ,RUC,0.0,0,0.038283021358660844
GOSSAIGAON,BOPF,0.125,1,0.09864124950936602
GOSSAIGAON,IND,0.125,0,0.09864124950936602
GOSSAIGAON,IND,0.125,0,0.09864124950936602
GOSSAIGAON,IND,0.125,0,0.09864124950936602
GOSSAIGAON,IND,0.125,0,0.09864124950936602
GOSSAIGAON,IND,0.125,0,0.09864124950936602
GOSSAIGAON,IND,0.125,0,0.09864124950936602
GOSSAIGAON,IND,0.125,0,0.09864124950936602
GOSSAIGAON,JD(U),0.0,0,0.03740958480523529
GOSSAIGAON,NOTA,0.125,0,0.09864124950936602
GOSSAIGAON,TNRMPI,0.0,0,0.03740958480523529
GOSSAIGAON,UPPL,0.0,0,0.03740958480523529
HAFLONG,BJP,0.2,1,0.29133261440805314
HAFLONG,BTP,0.0,0,0.06300107838792025
HAFLONG,INC,0.2,0,0.29133261440805314
HAFLONG,JD(U),0.0,0,0.06300107838792025
HAFLONG,NOTA,0.2,0,0.29133261440805314
HAILAKANDI,AITC,0.0,0,0.05367967705290236
HAILAKANDI,AIUDF,0.0416666666666666,1,0.07438672049118294
HAILAKANDI,BGANP,0.0,0,0.05367967705290236
HAILAKANDI,BJP,0.0416666666666666,0,0.07438672049118294
HAILAKANDI,IND,0.0416666666666666,0,0.07438672049118294
HAILAKANDI,IND,0.0416666666666666,0,0.07438672049118294
HAILAKANDI,IND,0.0416666666666666,0,0.07438672049118294
HAILAKANDI,IND,0.0416666666666666,0,0.07438672049118294
HAILAKANDI,IND,0.0416666666666666,0,0.07438672049118294
HAILAKANDI,IND,0.0416666666666666,0,0.07438672049118294
HAILAKANDI,IND,0.0416666666666666,0,0.07438672049118294
HAILAKANDI,IND,0.0416666666666666,0,0.07438672049118294
HAILAKANDI,NOTA,0.0416666666666666,0,0.07438672049118294
HAILAKANDI,SUCI,0.0416666666666666,0,0.07438672049118294
HAJO,AIMF,0.0,0,0.07641335223189648
HAJO,ASMJTYP,0.0,0,0.07641335223189648
HAJO,BJP,0.0588235294117647,1,0.12102475650517244
HAJO,INC,0.0588235294117647,0,0.12102475650517244
HAJO,IND,0.0588235294117647,0,0.12102475650517244
HAJO,IND,0.0588235294117647,0,0.12102475650517244
HAJO,IND,0.0588235294117647,0,0.12102475650517244
HAJO,IND,0.0588235294117647,0,0.12102475650517244
HAJO,NOTA,0.0588235294117647,0,0.12102475650517244
HOJAI,BJP,0.1666666666666666,1,0.18950727642412002
HOJAI,INC,0.1666666666666666,0,0.18950727642412002
HOJAI,IND,0.1666666666666666,0,0.18950727642412002
HOJAI,IND,0.1666666666666666,0,0.18950727642412002
HOJAI,LRAP,0.0,0,0.05246361787940007
HOJAI,NOTA,0.1666666666666666,0,0.18950727642412002
HOWRAGHAT,ASDC,0.0,0,0.026927098588390076
HOWRAGHAT,BJP,0.25,1,0.17845832112928797
HOWRAGHAT,CPI(ML)(L),0.0,0,0.026927098588390076
HOWRAGHAT,INC,0.25,0,0.17845832112928797
HOWRAGHAT,IND,0.25,0,0.17845832112928797
HOWRAGHAT,IND,0.25,0,0.17845832112928797
HOWRAGHAT,JD(U),0.0,0,0.026927098588390076
HOWRAGHAT,NOTA,0.25,0,0.17845832112928797
HOWRAGHAT,NPEP,0.0,0,0.026927098588390076
JAGIROAD,ASMJTYP,0.0,0,0.0866013564016977
JAGIROAD,BGANP,0.125,0,0.2283496608995756
JAGIROAD,BJP,0.125,1,0.2283496608995756
JAGIROAD,INC,0.125,0,0.2283496608995756
JAGIROAD,NOTA,0.125,0,0.2283496608995756
JALESWAR,AITC,0.0,0,0.053765420914800285
JALESWAR,AIUDF,0.1111111111111111,0,0.12749559402434277
JALESWAR,ASMJTYP,0.0,0,0.053765420914800285
JALESWAR,BJP,0.1111111111111111,0,0.12749559402434277
JALESWAR,INC,0.1111111111111111,1,0.12749559402434277
JALESWAR,IND,0.1111111111111111,0,0.12749559402434277
JALESWAR,IND,0.1111111111111111,0,0.12749559402434277
JALESWAR,NOTA,0.1111111111111111,0,0.12749559402434277
JALESWAR,SUCI,0.1111111111111111,0,0.12749559402434277
JALUKBARI,BJP,0.0909090909090909,1,0.16666666666666666
JALUKBARI,INC,0.0909090909090909,0,0.16666666666666666
JALUKBARI,IND,0.0909090909090909,0,0.16666666666666666
JALUKBARI,IND,0.0909090909090909,0,0.16666666666666666
JALUKBARI,IND,0.0909090909090909,0,0.16666666666666666
JALUKBARI,NOTA,0.0909090909090909,0,0.16666666666666666
JAMUNAMUKH,AGP,0.0666666666666666,0,0.07255713199302796
JAMUNAMUKH,AITC,0.0,0,0.04310480536122147
JAMUNAMUKH,AIUDF,0.0666666666666666,1,0.07255713199302796
JAMUNAMUKH,ASMJTYP,0.0,0,0.04310480536122147
JAMUNAMUKH,IND,0.0666666666666666,0,0.07255713199302796
JAMUNAMUKH,IND,0.0666666666666666,0,0.07255713199302796
JAMUNAMUKH,IND,0.0666666666666666,0,0.07255713199302796
JAMUNAMUKH,IND,0.0666666666666666,0,0.07255713199302796
JAMUNAMUKH,IND,0.0666666666666666,0,0.07255713199302796
JAMUNAMUKH,IND,0.0666666666666666,0,0.07255713199302796
JAMUNAMUKH,IND,0.0666666666666666,0,0.07255713199302796
JAMUNAMUKH,IND,0.0666666666666666,0,0.07255713199302796
JAMUNAMUKH,IND,0.0666666666666666,0,0.07255713199302796
JAMUNAMUKH,JD(U),0.0,0,0.04310480536122147
JAMUNAMUKH,NOTA,0.0666666666666666,0,0.07255713199302796
JANIA,AITC,0.0,0,0.052468233303373364
JANIA,AIUDF,0.1428571428571428,1,0.15843922232208887
JANIA,ASMJTYP,0.0,0,0.052468233303373364
JANIA,BJP,0.1428571428571428,0,0.15843922232208887
JANIA,IND,0.0,0,0.052468233303373364
JANIA,IND,0.0,0,0.052468233303373364
JANIA,IND,0.0,0,0.052468233303373364
JANIA,IND,0.0,0,0.052468233303373364
JANIA,IND,0.0,0,0.052468233303373364
JANIA,JD(U),0.0,0,0.052468233303373364
JANIA,NOTA,0.1428571428571428,0,0.15843922232208887
JANIA,NRCONG,0.0,0,0.052468233303373364
JANIA,TNRMPI,0.0,0,0.052468233303373364
JONAI,ASMJTYP,0.0,0,0.07759331206965092
JONAI,BJP,0.1,1,0.16896267517213961
JONAI,INC,0.1,0,0.16896267517213961
JONAI,IND,0.1,0,0.16896267517213961
JONAI,IND,0.1,0,0.16896267517213961
JONAI,JD(U),0.0,0,0.07759331206965092
JONAI,NOTA,0.1,0,0.16896267517213961
JORHAT,ASMJTYP,0.0,0,0.0866013564016977
JORHAT,BJP,0.125,1,0.2283496608995756
JORHAT,INC,0.125,0,0.2283496608995756
JORHAT,IND,0.125,0,0.2283496608995756
JORHAT,NOTA,0.125,0,0.2283496608995756
KALAIGAON,ASMJTYP,0.0,0,0.04695484223853756
KALAIGAON,BGANP,0.0625,0,0.07652257888073125
KALAIGAON,BJP,0.0,0,0.04695484223853756
KALAIGAON,BOPF,0.0625,1,0.07652257888073125
KALAIGAON,IND,0.0625,0,0.07652257888073125
KALAIGAON,IND,0.0625,0,0.07652257888073125
KALAIGAON,IND,0.0625,0,0.07652257888073125
KALAIGAON,IND,0.0625,0,0.07652257888073125
KALAIGAON,IND,0.0625,0,0.07652257888073125
KALAIGAON,IND,0.0625,0,0.07652257888073125
KALAIGAON,JD(U),0.0,0,0.04695484223853756
KALAIGAON,NOTA,0.0625,0,0.07652257888073125
KALAIGAON,SUCI,0.0625,0,0.07652257888073125
KALAIGAON,UPPL,0.0,0,0.04695484223853756
KALAIGAON,VPI,0.0,0,0.04695484223853756
KALIABOR,AGP,0.1,1,0.22425378967921014
KALIABOR,ASMJTYP,0.0,0,0.10298484128315938
KALIABOR,INC,0.1,0,0.22425378967921014
KALIABOR,IND,0.1,0,0.22425378967921014
KALIABOR,NOTA,0.1,0,0.22425378967921014
KAMALPUR,BJP,0.0,1,0.10963110102458096
KAMALPUR,INC,0.0909090909090909,0,0.22259222474385473
KAMALPUR,IND,0.0909090909090909,0,0.22259222474385473
KAMALPUR,NOTA,0.0909090909090909,0,0.22259222474385473
KAMALPUR,SUCI,0.0909090909090909,0,0.22259222474385473
KARIMGANJ NORTH,AIFB,0.0,0,0.041345933442745994
KARIMGANJ NORTH,BJP,0.0625,0,0.06738170766705862
KARIMGANJ NORTH,INC,0.0625,1,0.06738170766705862
KARIMGANJ NORTH,IND,0.0625,0,0.06738170766705862
KARIMGANJ NORTH,IND,0.0625,0,0.06738170766705862
KARIMGANJ NORTH,IND,0.0625,0,0.06738170766705862
KARIMGANJ NORTH,IND,0.0625,0,0.06738170766705862
KARIMGANJ NORTH,IND,0.0625,0,0.06738170766705862
KARIMGANJ NORTH,IND,0.0625,0,0.06738170766705862
KARIMGANJ NORTH,IND,0.0625,0,0.06738170766705862
KARIMGANJ NORTH,IND,0.0625,0,0.06738170766705862
KARIMGANJ NORTH,IND,0.0625,0,0.06738170766705862
KARIMGANJ NORTH,NOTA,0.0625,0,0.06738170766705862
KARIMGANJ NORTH,RUC,0.0,0,0.041345933442745994
KARIMGANJ NORTH,SP,0.0,0,0.041345933442745994
KARIMGANJ NORTH,SUCI,0.0625,0,0.06738170766705862
KARIMGANJ SOUTH,AGP,0.0,0,0.04779808373737342
KARIMGANJ SOUTH,BLSP,0.0,0,0.04779808373737342
KARIMGANJ SOUTH,INC,0.0384615384615384,1,0.0646002737518038
KARIMGANJ SOUTH,IND,0.0384615384615384,0,0.0646002737518038
KARIMGANJ SOUTH,IND,0.0384615384615384,0,0.0646002737518038
KARIMGANJ SOUTH,IND,0.0384615384615384,0,0.0646002737518038
KARIMGANJ SOUTH,IND,0.0384615384615384,0,0.0646002737518038
KARIMGANJ SOUTH,IND,0.0384615384615384,0,0.0646002737518038
KARIMGANJ SOUTH,IND,0.0384615384615384,0,0.0646002737518038
KARIMGANJ SOUTH,IND,0.0384615384615384,0,0.0646002737518038
KARIMGANJ SOUTH,IND,0.0384615384615384,0,0.0646002737518038
KARIMGANJ SOUTH,IND,0.0384615384615384,0,0.0646002737518038
KARIMGANJ SOUTH,IND,0.0384615384615384,0,0.0646002737518038
KARIMGANJ SOUTH,IND,0.0384615384615384,0,0.0646002737518038
KARIMGANJ SOUTH,IND,0.0384615384615384,0,0.0646002737518038
KARIMGANJ SOUTH,NOTA,0.0384615384615384,0,0.0646002737518038
KATIGORA,BJP,0.0666666666666666,0,0.11111111111111112
KATIGORA,INC,0.0666666666666666,1,0.11111111111111112
KATIGORA,IND,0.0666666666666666,0,0.11111111111111112
KATIGORA,IND,0.0666666666666666,0,0.11111111111111112
KATIGORA,IND,0.0666666666666666,0,0.11111111111111112
KATIGORA,IND,0.0666666666666666,0,0.11111111111111112
KATIGORA,IND,0.0666666666666666,0,0.11111111111111112
KATIGORA,IND,0.0666666666666666,0,0.11111111111111112
KATIGORA,NOTA,0.0666666666666666,0,0.11111111111111112
KATLICHERRA,AIUDF,0.0714285714285714,1,0.06862218298134241
KATLICHERRA,BJP,0.0714285714285714,0,0.06862218298134241
KATLICHERRA,INC,0.0714285714285714,0,0.06862218298134241
KATLICHERRA,IND,0.0714285714285714,0,0.06862218298134241
KATLICHERRA,IND,0.0714285714285714,0,0.06862218298134241
KATLICHERRA,IND,0.0714285714285714,0,0.06862218298134241
KATLICHERRA,IND,0.0714285714285714,0,0.06862218298134241
KATLICHERRA,IND,0.0714285714285714,0,0.06862218298134241
KATLICHERRA,IND,0.0714285714285714,0,0.06862218298134241
KATLICHERRA,IND,0.0714285714285714,0,0.06862218298134241
KATLICHERRA,IND,0.0714285714285714,0,0.06862218298134241
KATLICHERRA,IND,0.0714285714285714,0,0.06862218298134241
KATLICHERRA,IND,0.0714285714285714,0,0.06862218298134241
KATLICHERRA,JD(U),0.0,0,0.039289438261205956
KATLICHERRA,NOTA,0.0714285714285714,0,0.06862218298134241
KHUMTAI,ASM,0.0,0,0.049848390944960706
KHUMTAI,ASMJTYP,0.0,0,0.049848390944960706
KHUMTAI,BJP,0.1666666666666666,1,0.18006064362201574
KHUMTAI,INC,0.1666666666666666,0,0.18006064362201574
KHUMTAI,IND,0.1666666666666666,0,0.18006064362201574
KHUMTAI,IND,0.1666666666666666,0,0.18006064362201574
KHUMTAI,NOTA,0.1666666666666666,0,0.18006064362201574
KOKRAJHAR EAST,BOPF,0.1428571428571428,0,0.21448578230421766
KOKRAJHAR EAST,IND,0.1428571428571428,0,0.21448578230421766
KOKRAJHAR EAST,IND,0.1428571428571428,0,0.21448578230421766
KOKRAJHAR EAST,NOTA,0.1428571428571428,0,0.21448578230421766
KOKRAJHAR EAST,UPPL,0.0,1,0.07102843539156468
KOKRAJHAR EAST,VPI,0.0,0,0.07102843539156468
KOKRAJHAR WEST,BOPF,0.0909090909090909,1,0.15437912497099035
KOKRAJHAR WEST,IND,0.0909090909090909,0,0.15437912497099035
KOKRAJHAR WEST,IND,0.0909090909090909,0,0.15437912497099035
KOKRAJHAR WEST,IND,0.0909090909090909,0,0.15437912497099035
KOKRAJHAR WEST,JD(U),0.0,0,0.0760347917150161
KOKRAJHAR WEST,NOTA,0.0909090909090909,0,0.15437912497099035
KOKRAJHAR WEST,TNRMPI,0.0,0,0.0760347917150161
KOKRAJHAR WEST,UPPL,0.0,0,0.0760347917150161
LAHARIGHAT,ASMJTYP,0.0,0,0.03535422904199435
LAHARIGHAT,BJP,0.0,0,0.03535422904199435
LAHARIGHAT,INC,0.1666666666666666,1,0.12770533041057386
LAHARIGHAT,IND,0.1666666666666666,0,0.12770533041057386
LAHARIGHAT,IND,0.1666666666666666,0,0.12770533041057386
LAHARIGHAT,IND,0.1666666666666666,0,0.12770533041057386
LAHARIGHAT,IND,0.1666666666666666,0,0.12770533041057386
LAHARIGHAT,IND,0.1666666666666666,0,0.12770533041057386
LAHARIGHAT,JD(U),0.0,0,0.03535422904199435
LAHARIGHAT,NOTA,0.1666666666666666,0,0.12770533041057386
LAHOWAL,ASMJTYP,0.0,0,0.06585899798718976
LAHOWAL,BJP,0.125,1,0.17365640080512412
LAHOWAL,BLSP,0.0,0,0.06585899798718976
LAHOWAL,INC,0.125,0,0.17365640080512412
LAHOWAL,IND,0.125,0,0.17365640080512412
LAHOWAL,IND,0.125,0,0.17365640080512412
LAHOWAL,NOTA,0.125,0,0.17365640080512412
LAKHIMPUR,AGP,0.0666666666666666,0,0.14744385446067698
LAKHIMPUR,ASMJTYP,0.0,0,0.0875935758988717
LAKHIMPUR,BJP,0.0,1,0.0875935758988717
LAKHIMPUR,INC,0.0666666666666666,0,0.14744385446067698
LAKHIMPUR,IND,0.0666666666666666,0,0.14744385446067698
LAKHIMPUR,NOTA,0.0666666666666666,0,0.14744385446067698
LAKHIMPUR,SUCI,0.0666666666666666,0,0.14744385446067698
LAKHIMPUR,VPI,0.0,0,0.0875935758988717
LAKHIPUR,ASMJTYP,0.0,0,0.059450399341668826
LAKHIPUR,BJP,0.125,1,0.15675826677638852
LAKHIPUR,INC,0.125,0,0.15675826677638852
LAKHIPUR,IND,0.125,0,0.15675826677638852
LAKHIPUR,IND,0.125,0,0.15675826677638852
LAKHIPUR,IND,0.125,0,0.15675826677638852
LAKHIPUR,NOTA,0.125,0,0.15675826677638852
LUMDING,AITC,0.0,0,0.04970598236573573
LUMDING,ASMJTYP,0.0,0,0.04970598236573573
LUMDING,BJP,0.1428571428571428,1,0.15009800587808808
LUMDING,INC,0.1428571428571428,0,0.15009800587808808
LUMDING,IND,0.1428571428571428,0,0.15009800587808808
LUMDING,IND,0.1428571428571428,0,0.15009800587808808
LUMDING,IND,0.1428571428571428,0,0.15009800587808808
LUMDING,NOTA,0.1428571428571428,0,0.15009800587808808
MAHMARA,AIFB,0.0,0,0.07730986566641132
MAHMARA,ASMJTYP,0.0,0,0.07730986566641132
MAHMARA,BJP,0.0769230769230769,1,0.14089671144452956
MAHMARA,INC,0.0769230769230769,0,0.14089671144452956
MAHMARA,IND,0.0769230769230769,0,0.14089671144452956
MAHMARA,IND,0.0769230769230769,0,0.14089671144452956
MAHMARA,NCP,0.0769230769230769,0,0.14089671144452956
MAHMARA,NOTA,0.0769230769230769,0,0.14089671144452956
MAJBAT,BJP,0.0,0,0.06095470639510716
MAJBAT,BOPF,0.0833333333333333,1,0.11673369725923981
MAJBAT,IND,0.0833333333333333,0,0.11673369725923981
MAJBAT,IND,0.0833333333333333,0,0.11673369725923981
MAJBAT,IND,0.0833333333333333,0,0.11673369725923981
MAJBAT,IND,0.0833333333333333,0,0.11673369725923981
MAJBAT,IND,0.0833333333333333,0,0.11673369725923981
MAJBAT,NOTA,0.0833333333333333,0,0.11673369725923981
MAJBAT,UPPL,0.0,0,0.06095470639510716
MAJBAT,VPI,0.0,0,0.06095470639510716
MAJULI,ASMJTYP,0.0,0,0.0414572380154976
MAJULI,BJP,0.2,1,0.19170855239690046
MAJULI,INC,0.2,0,0.19170855239690046
MAJULI,IND,0.2,0,0.19170855239690046
MAJULI,NOTA,0.2,0,0.19170855239690046
MAJULI,SUCI,0.2,0,0.19170855239690046
MANGALDOI,ASMJTYP,0.0,0,0.10090438137850852
MANGALDOI,BJP,0.125,0,0.266063745747661
MANGALDOI,INC,0.125,1,0.266063745747661
MANGALDOI,NOTA,0.125,0,0.266063745747661
MANGALDOI,VPI,0.0,0,0.10090438137850852
MANKACHAR,AGP,0.0,0,0.05804509588236721
MANKACHAR,AIUDF,0.1111111111111111,1,0.13764411872548307
MANKACHAR,IND,0.1111111111111111,0,0.13764411872548307
MANKACHAR,IND,0.1111111111111111,0,0.13764411872548307
MANKACHAR,IND,0.1111111111111111,0,0.13764411872548307
MANKACHAR,JD(U),0.0,0,0.05804509588236721
MANKACHAR,NOTA,0.1111111111111111,0,0.13764411872548307
MANKACHAR,NPEP,0.0,0,0.05804509588236721
MANKACHAR,SUCI,0.1111111111111111,0,0.13764411872548307
MARGHERITA,ASMJTYP,0.0,0,0.052305898430759
MARGHERITA,BJP,0.1428571428571428,1,0.15794901692820684
MARGHERITA,INC,0.1428571428571428,0,0.15794901692820684
MARGHERITA,IND,0.1428571428571428,0,0.15794901692820684
MARGHERITA,IND,0.1428571428571428,0,0.15794901692820684
MARGHERITA,IND,0.1428571428571428,0,0.15794901692820684
MARGHERITA,NOTA,0.1428571428571428,0,0.15794901692820684
MARIANI,ASM,0.0,0,0.08448445631058195
MARIANI,BJP,0.1666666666666666,0,0.3051718478964727
MARIANI,INC,0.1666666666666666,1,0.3051718478964727
MARIANI,NOTA,0.1666666666666666,0,0.3051718478964727
MARIGAON,ASMJTYP,0.0,0,0.0866013564016977
MARIGAON,BJP,0.125,1,0.2283496608995756
MARIGAON,CPI,0.125,0,0.2283496608995756
MARIGAON,IND,0.125,0,0.2283496608995756
MARIGAON,NOTA,0.125,0,0.2283496608995756
MORAN,ASMJTYP,0.0,0,0.052305898430759
MORAN,BJP,0.1428571428571428,1,0.15794901692820684
MORAN,INC,0.1428571428571428,0,0.15794901692820684
MORAN,IND,0.1428571428571428,0,0.15794901692820684
MORAN,IND,0.1428571428571428,0,0.15794901692820684
MORAN,IND,0.1428571428571428,0,0.15794901692820684
MORAN,NOTA,0.1428571428571428,0,0.15794901692820684
NAHARKATIA,AGP,0.1428571428571428,0,0.21448578230421766
NAHARKATIA,ASMJTYP,0.0,0,0.07102843539156468
NAHARKATIA,BJP,0.0,1,0.07102843539156468
NAHARKATIA,INC,0.1428571428571428,0,0.21448578230421766
NAHARKATIA,IND,0.1428571428571428,0,0.21448578230421766
NAHARKATIA,NOTA,0.1428571428571428,0,0.21448578230421766
NALBARI,AITC,0.0,0,0.07412604500044682
NALBARI,ASMJTYP,0.0,0,0.07412604500044682
NALBARI,BJP,0.0833333333333333,1,0.14195798499985104
NALBARI,INC,0.0833333333333333,0,0.14195798499985104
NALBARI,IND,0.0833333333333333,0,0.14195798499985104
NALBARI,IND,0.0833333333333333,0,0.14195798499985104
NALBARI,NOTA,0.0833333333333333,0,0.14195798499985104
NALBARI,SUCI,0.0833333333333333,0,0.14195798499985104
NAOBOICHA,AGP,0.0833333333333333,0,0.09424320557886855
NAOBOICHA,ASMJTYP,0.0,0,0.04921087107381033
NAOBOICHA,BGANP,0.0,0,0.04921087107381033
NAOBOICHA,INC,0.0833333333333333,1,0.09424320557886855
NAOBOICHA,IND,0.0833333333333333,0,0.09424320557886855
NAOBOICHA,IND,0.0833333333333333,0,0.09424320557886855
NAOBOICHA,IND,0.0833333333333333,0,0.09424320557886855
NAOBOICHA,IND,0.0833333333333333,0,0.09424320557886855
NAOBOICHA,NCP,0.0,0,0.04921087107381033
NAOBOICHA,NOTA,0.0833333333333333,0,0.09424320557886855
NAOBOICHA,NPEP,0.0,0,0.04921087107381033
NAOBOICHA,RUC,0.0,0,0.04921087107381033
NAOBOICHA,SUCI,0.0833333333333333,0,0.09424320557886855
NAZIRA,AIFB,0.0,0,0.048787645944186074
NAZIRA,ASMJTYP,0.0,0,0.048787645944186074
NAZIRA,BJP,0.2,0,0.22560617702790695
NAZIRA,INC,0.2,1,0.22560617702790695
NAZIRA,IND,0.2,0,0.22560617702790695
NAZIRA,NOTA,0.2,0,0.22560617702790695
NOWGONG,ASMJTYP,0.0,0,0.04551527582375196
NOWGONG,BJP,0.1111111111111111,1,0.10793177156609303
NOWGONG,INC,0.1111111111111111,0,0.10793177156609303
NOWGONG,IND,0.1111111111111111,0,0.10793177156609303
NOWGONG,IND,0.1111111111111111,0,0.10793177156609303
NOWGONG,IND,0.1111111111111111,0,0.10793177156609303
NOWGONG,IND,0.1111111111111111,0,0.10793177156609303
NOWGONG,IND,0.1111111111111111,0,0.10793177156609303
NOWGONG,LJP,0.0,0,0.04551527582375196
NOWGONG,NOTA,0.1111111111111111,0,0.10793177156609303
NOWGONG,RUC,0.0,0,0.04551527582375196
PALASBARI,ASMJTYP,0.0,0,0.04517115837233962
PALASBARI,BJP,0.1428571428571428,1,0.1364041202325229
PALASBARI,INC,0.1428571428571428,0,0.1364041202325229
PALASBARI,IND,0.1428571428571428,0,0.1364041202325229
PALASBARI,IND,0.1428571428571428,0,0.1364041202325229
PALASBARI,IND,0.1428571428571428,0,0.1364041202325229
PALASBARI,IND,0.1428571428571428,0,0.1364041202325229
PALASBARI,NOTA,0.1428571428571428,0,0.1364041202325229
PANERY,BJP,0.0,1,0.07759331206965092
PANERY,BOPF,0.1,0,0.16896267517213961
PANERY,IND,0.1,0,0.16896267517213961
PANERY,IND,0.1,0,0.16896267517213961
PANERY,NOTA,0.1,0,0.16896267517213961
PANERY,SUCI,0.1,0,0.16896267517213961
PANERY,VPI,0.0,0,0.07759331206965092
PATACHARKUCHI,ASMJTYP,0.0,0,0.09887292630253229
PATACHARKUCHI,BJP,0.0,1,0.09887292630253229
PATACHARKUCHI,INC,0.1111111111111111,0,0.23446040703080107
PATACHARKUCHI,IND,0.1111111111111111,0,0.23446040703080107
PATACHARKUCHI,NOTA,0.1111111111111111,0,0.23446040703080107
PATACHARKUCHI,RPPRINAT,0.0,0,0.09887292630253229
PATHARKANDI,AGP,0.0,0,0.03836418090899607
PATHARKANDI,AIFB,0.0,0,0.03836418090899607
PATHARKANDI,ASMJTYP,0.0,0,0.03836418090899607
PATHARKANDI,BJP,0.0833333333333333,1,0.07347082685954724
PATHARKANDI,INC,0.0833333333333333,0,0.07347082685954724
PATHARKANDI,IND,0.0833333333333333,0,0.07347082685954724
PATHARKANDI,IND,0.0833333333333333,0,0.07347082685954724
PATHARKANDI,IND,0.0833333333333333,0,0.07347082685954724
PATHARKANDI,IND,0.0833333333333333,0,0.07347082685954724
PATHARKANDI,IND,0.0833333333333333,0,0.07347082685954724
PATHARKANDI,IND,0.0833333333333333,0,0.07347082685954724
PATHARKANDI,IND,0.0833333333333333,0,0.07347082685954724
PATHARKANDI,NOTA,0.0833333333333333,0,0.07347082685954724
PATHARKANDI,RPI,0.0,0,0.03836418090899607
PATHARKANDI,RUC,0.0,0,0.03836418090899607
PATHARKANDI,SUCI,0.0833333333333333,0,0.07347082685954724
RAHA,AGP,0.0,0,0.05193476774684607
RAHA,ASMJTYP,0.0,0,0.05193476774684607
RAHA,INC,0.25,1,0.3441956967594618
RAHA,IND,0.0,0,0.05193476774684607
RAHA,IND,0.0,0,0.05193476774684607
RAHA,IND,0.0,0,0.05193476774684607
RAHA,JP,0.0,0,0.05193476774684607
RAHA,NOTA,0.25,0,0.3441956967594618
RANGAPARA,ASMJTYP,0.0,0,0.0760347917150161
RANGAPARA,BJP,0.0909090909090909,1,0.15437912497099032
RANGAPARA,INC,0.0909090909090909,0,0.15437912497099032
RANGAPARA,IND,0.0909090909090909,0,0.15437912497099032
RANGAPARA,IND,0.0909090909090909,0,0.15437912497099032
RANGAPARA,JD(U),0.0,0,0.0760347917150161
RANGAPARA,NOTA,0.0909090909090909,0,0.15437912497099032
RANGAPARA,VPI,0.0,0,0.0760347917150161
RANGIA,ASMJTYP,0.0,0,0.07366240608193768
RANGIA,BJP,0.0833333333333333,1,0.14107007513444986
RANGIA,CPI(M),0.0,0,0.07366240608193768
RANGIA,IND,0.0833333333333333,0,0.14107007513444986
RANGIA,IND,0.0833333333333333,0,0.14107007513444986
RANGIA,IND,0.0833333333333333,0,0.14107007513444986
RANGIA,JD(U),0.0,0,0.07366240608193768
RANGIA,NOTA,0.0833333333333333,0,0.14107007513444986
RANGIA,VPI,0.0,0,0.07366240608193768
RATABARI,BJP,0.0666666666666666,1,0.11111111111111112
RATABARI,INC,0.0666666666666666,0,0.11111111111111112
RATABARI,IND,0.0666666666666666,0,0.11111111111111112
RATABARI,IND,0.0666666666666666,0,0.11111111111111112
RATABARI,IND,0.0666666666666666,0,0.11111111111111112
RATABARI,IND,0.0666666666666666,0,0.11111111111111112
RATABARI,IND,0.0666666666666666,0,0.11111111111111112
RATABARI,NOTA,0.0666666666666666,0,0.11111111111111112
RATABARI,SUCI,0.0666666666666666,0,0.11111111111111112
RUPOHIHAT,ASMJTYP,0.0,0,0.051022191322358225
RUPOHIHAT,BJP,0.1111111111111111,0,0.12099048943327505
RUPOHIHAT,INC,0.1111111111111111,1,0.12099048943327505
RUPOHIHAT,IND,0.1111111111111111,0,0.12099048943327505
RUPOHIHAT,IND,0.1111111111111111,0,0.12099048943327505
RUPOHIHAT,IND,0.1111111111111111,0,0.12099048943327505
RUPOHIHAT,IND,0.1111111111111111,0,0.12099048943327505
RUPOHIHAT,JD(U),0.0,0,0.051022191322358225
RUPOHIHAT,NOTA,0.1111111111111111,0,0.12099048943327505
RUPOHIHAT,RUC,0.0,0,0.051022191322358225
SADIYA,ASMJTYP,0.0,0,0.08998902308522545
SADIYA,BJP,0.0769230769230769,1,0.16400439076590986
SADIYA,INC,0.0769230769230769,0,0.16400439076590986
SADIYA,IND,0.0769230769230769,0,0.16400439076590986
SADIYA,IND,0.0769230769230769,0,0.16400439076590986
SADIYA,NOTA,0.0769230769230769,0,0.16400439076590986
SADIYA,VPI,0.0,0,0.08998902308522545
SALMARA SOUTH,BJP,0.2,0,0.18876799299631222
SALMARA SOUTH,INC,0.2,1,0.18876799299631222
SALMARA SOUTH,IND,0.0,0,0.0408213380024585
SALMARA SOUTH,IND,0.0,0,0.0408213380024585
SALMARA SOUTH,IND,0.0,0,0.0408213380024585
SALMARA SOUTH,JD(U),0.0,0,0.0408213380024585
SALMARA SOUTH,NCP,0.0,0,0.0408213380024585
SALMARA SOUTH,NOTA,0.2,0,0.18876799299631222
SALMARA SOUTH,RUC,0.0,0,0.0408213380024585
SALMARA SOUTH,SUCI,0.2,0,0.18876799299631222
SAMAGURI,ASMJTYP,0.0,0,0.07790287432795323
SAMAGURI,BGANP,0.0,0,0.07790287432795323
SAMAGURI,BJP,0.1666666666666666,0,0.2813980837813645
SAMAGURI,INC,0.1666666666666666,1,0.2813980837813645
SAMAGURI,NOTA,0.1666666666666666,0,0.2813980837813645
SARUKHETRI,AGP,0.0833333333333333,0,0.09868732626672136
SARUKHETRI,AITC,0.0,0,0.051531452688825086
SARUKHETRI,AIUDF,0.0833333333333333,0,0.09868732626672136
SARUKHETRI,ASMJTYP,0.0,0,0.051531452688825086
SARUKHETRI,INC,0.0833333333333333,1,0.09868732626672136
SARUKHETRI,IND,0.0833333333333333,0,0.09868732626672136
SARUKHETRI,IND,0.0833333333333333,0,0.09868732626672136
SARUKHETRI,JD(U),0.0,0,0.051531452688825086
SARUKHETRI,JP,0.0,0,0.051531452688825086
SARUKHETRI,NOTA,0.0833333333333333,0,0.09868732626672136
SARUKHETRI,RPI(A),0.0,0,0.051531452688825086
SARUKHETRI,SUCI,0.0,0,0.051531452688825086
SARUKHETRI,TNRMPI,0.0833333333333333,0,0.09868732626672136
SARUPATHAR,ASMJTYP,0.0,0,0.10090438137850852
SARUPATHAR,BJP,0.0,1,0.10090438137850852
SARUPATHAR,INC,0.125,0,0.266063745747661
SARUPATHAR,IND,0.125,0,0.266063745747661
SARUPATHAR,NOTA,0.125,0,0.266063745747661
SIBSAGAR,BJP,0.1111111111111111,1,0.15572190447834366
SIBSAGAR,INC,0.1111111111111111,0,0.15572190447834366
SIBSAGAR,IND,0.1111111111111111,0,0.15572190447834366
SIBSAGAR,IND,0.1111111111111111,0,0.15572190447834366
SIBSAGAR,IND,0.1111111111111111,0,0.15572190447834366
SIBSAGAR,NCP,0.0,0,0.06566857312993823
SIBSAGAR,NOTA,0.1111111111111111,0,0.15572190447834366
SIDLI,BOPF,0.1666666666666666,0,0.21960239159322592
SIDLI,IND,0.1666666666666666,0,0.21960239159322592
SIDLI,IND,0.1666666666666666,0,0.21960239159322592
SIDLI,JD(U),0.0,0,0.06079521681354818
SIDLI,NOTA,0.1666666666666666,0,0.21960239159322592
SIDLI,UPPL,0.0,1,0.06079521681354818
SILCHAR,BGANP,0.0625,0,0.06567188918729415
SILCHAR,BJP,0.0625,1,0.06567188918729415
SILCHAR,HND,0.0,0,0.04029677568894096
SILCHAR,INC,0.0625,0,0.06567188918729415
SILCHAR,IND,0.0625,0,0.06567188918729415
SILCHAR,IND,0.0625,0,0.06567188918729415
SILCHAR,IND,0.0625,0,0.06567188918729415
SILCHAR,IND,0.0625,0,0.06567188918729415
SILCHAR,IND,0.0625,0,0.06567188918729415
SILCHAR,IND,0.0625,0,0.06567188918729415
SILCHAR,IND,0.0625,0,0.06567188918729415
SILCHAR,IND,0.0625,0,0.06567188918729415
SILCHAR,IND,0.0625,0,0.06567188918729415
SILCHAR,NOTA,0.0625,0,0.06567188918729415
SILCHAR,RPI(A),0.0,0,0.04029677568894096
SILCHAR,SUCI,0.0625,0,0.06567188918729415
SIPAJHAR,ASMJTYP,0.0,0,0.057734343004132924
SIPAJHAR,BJP,0.0833333333333333,1,0.11056641424896678
SIPAJHAR,INC,0.0833333333333333,0,0.11056641424896678
SIPAJHAR,IND,0.0833333333333333,0,0.11056641424896678
SIPAJHAR,IND,0.0833333333333333,0,0.11056641424896678
SIPAJHAR,IND,0.0833333333333333,0,0.11056641424896678
SIPAJHAR,IND,0.0833333333333333,0,0.11056641424896678
SIPAJHAR,NOTA,0.0833333333333333,0,0.11056641424896678
SIPAJHAR,SUCI,0.0833333333333333,0,0.11056641424896678
SIPAJHAR,VPI,0.0,0,0.057734343004132924
SONAI,AITC,0.0,0,0.038921996499231185
SONAI,AIUDF,0.0769230769230769,1,0.07093507746165675
SONAI,BJP,0.0769230769230769,0,0.07093507746165675
SONAI,IND,0.0769230769230769,0,0.07093507746165675
SONAI,IND,0.0769230769230769,0,0.07093507746165675
SONAI,IND,0.0769230769230769,0,0.07093507746165675
SONAI,IND,0.0769230769230769,0,0.07093507746165675
SONAI,IND,0.0769230769230769,0,0.07093507746165675
SONAI,IND,0.0769230769230769,0,0.07093507746165675
SONAI,IND,0.0769230769230769,0,0.07093507746165675
SONAI,IND,0.0769230769230769,0,0.07093507746165675
SONAI,IND,0.0769230769230769,0,0.07093507746165675
SONAI,NOTA,0.0769230769230769,0,0.07093507746165675
SONAI,SP,0.0769230769230769,0,0.07093507746165675
SONAI,SUCI,0.0,0,0.038921996499231185
SONARI,ASMJTYP,0.0,0,0.0866013564016977
SONARI,BJP,0.125,1,0.2283496608995756
SONARI,INC,0.125,0,0.2283496608995756
SONARI,IND,0.125,0,0.2283496608995756
SONARI,NOTA,0.125,0,0.2283496608995756
SOOTEA,BJP,0.1428571428571428,1,0.30019601175617616
SOOTEA,INC,0.1428571428571428,0,0.30019601175617616
SOOTEA,NOTA,0.1428571428571428,0,0.30019601175617616
SOOTEA,VPI,0.0,0,0.09941196473147146
SORBHOG,BJP,0.0666666666666666,0,0.10665160973940432
SORBHOG,CPI(M),0.0,1,0.06335968295604244
SORBHOG,IND,0.0666666666666666,0,0.10665160973940432
SORBHOG,IND,0.0666666666666666,0,0.10665160973940432
SORBHOG,IND,0.0666666666666666,0,0.10665160973940432
SORBHOG,IND,0.0666666666666666,0,0.10665160973940432
SORBHOG,JD(U),0.0,0,0.06335968295604244
SORBHOG,NOTA,0.0666666666666666,0,0.10665160973940432
SORBHOG,PLTIJSTP,0.0,0,0.06335968295604244
SORBHOG,RPPRINAT,0.0,0,0.06335968295604244
SORBHOG,TNRMPI,0.0666666666666666,0,0.10665160973940432
TAMULPUR,BGANP,0.0,0,0.04425194731344447
TAMULPUR,BOPF,0.1,0,0.09636046200662965
TAMULPUR,IND,0.1,0,0.09636046200662965
TAMULPUR,IND,0.1,0,0.09636046200662965
TAMULPUR,IND,0.1,0,0.09636046200662965
TAMULPUR,IND,0.1,0,0.09636046200662965
TAMULPUR,IND,0.1,0,0.09636046200662965
TAMULPUR,IND,0.1,0,0.09636046200662965
TAMULPUR,IND,0.1,0,0.09636046200662965
TAMULPUR,NOTA,0.1,0,0.09636046200662965
TAMULPUR,UPPL,0.0,1,0.04425194731344447
TAMULPUR,VPI,0.0,0,0.04425194731344447
TEOK,AGP,0.0833333333333333,1,0.18108826766203653
TEOK,INC,0.0833333333333333,0,0.18108826766203653
TEOK,IND,0.0833333333333333,0,0.18108826766203653
TEOK,IND,0.0833333333333333,0,0.18108826766203653
TEOK,LJP,0.0,0,0.09455866168981733
TEOK,NOTA,0.0833333333333333,0,0.18108826766203653
TEZPUR,AGP,0.1111111111111111,1,0.13473994381774013
TEZPUR,ASMJTYP,0.0,0,0.05682039327581919
TEZPUR,INC,0.1111111111111111,0,0.13473994381774013
TEZPUR,IND,0.1111111111111111,0,0.13473994381774013
TEZPUR,IND,0.1111111111111111,0,0.13473994381774013
TEZPUR,IND,0.1111111111111111,0,0.13473994381774013
TEZPUR,NOTA,0.1111111111111111,0,0.13473994381774013
TEZPUR,SUCI,0.1111111111111111,0,0.13473994381774013
THOWRA,ASMJTYP,0.0,0,0.04788724852573493
THOWRA,BJP,0.25,0,0.3173709171580884
THOWRA,INC,0.25,1,0.3173709171580884
THOWRA,NOTA,0.25,0,0.3173709171580884
TINGKHONG,ASMJTYP,0.0,0,0.07645921371285827
TINGKHONG,BJP,0.1428571428571428,1,0.23088519657178544
TINGKHONG,INC,0.1428571428571428,0,0.23088519657178544
TINGKHONG,IND,0.1428571428571428,0,0.23088519657178544
TINGKHONG,NOTA,0.1428571428571428,0,0.23088519657178544
TINSUKIA,ASMJTYP,0.0,0,0.056989268623093864
TINSUKIA,BGANP,0.0,0,0.056989268623093864
TINSUKIA,BJP,0.125,1,0.15026877990958576
TINSUKIA,BLSP,0.0,0,0.056989268623093864
TINSUKIA,IND,0.125,0,0.15026877990958576
TINSUKIA,JD(U),0.0,0,0.056989268623093864
TINSUKIA,LJP,0.0,0,0.056989268623093864
TINSUKIA,NCP,0.125,0,0.15026877990958576
TINSUKIA,NOTA,0.125,0,0.15026877990958576
TINSUKIA,PLTIJSTP,0.0,0,0.056989268623093864
TINSUKIA,RJD,0.0,0,0.056989268623093864
TITABAR,ASMJTYP,0.0,0,0.07645921371285827
TITABAR,BJP,0.1428571428571428,0,0.23088519657178544
TITABAR,INC,0.1428571428571428,1,0.23088519657178544
TITABAR,IND,0.1428571428571428,0,0.23088519657178544
TITABAR,NOTA,0.1428571428571428,0,0.23088519657178544
UDALGURI,BOPF,0.1428571428571428,0,0.42897156460843533
UDALGURI,NOTA,0.1428571428571428,0,0.42897156460843533
UDALGURI,UPPL,0.0,1,0.14205687078312937
UDHARBOND,ASMJTYP,0.0,0,0.04517115837233962
UDHARBOND,BJP,0.1428571428571428,1,0.1364041202325229
UDHARBOND,INC,0.1428571428571428,0,0.1364041202325229
UDHARBOND,IND,0.1428571428571428,0,0.1364041202325229
UDHARBOND,IND,0.1428571428571428,0,0.1364041202325229
UDHARBOND,IND,0.1428571428571428,0,0.1364041202325229
UDHARBOND,IND,0.1428571428571428,0,0.1364041202325229
UDHARBOND,NOTA,0.1428571428571428,0,0.1364041202325229
